doc_id,min
15051198,0
19410716,-1
10519608,-1
11124360,0
10838252,-1
15149751,0
14563543,-1
10912983,0
12744914,0
16815689,1
21159452,-1
11525524,0
24225155,0
15193576,0
11973011,0
19497646,-1
18657941,-1
22770792,0
18456558,0
18241718,0
11691528,0
24607075,0
14556826,-1
15878259,1
25679364,-1
18592826,0
15327804,0
15970809,-1
18314182,0
17074329,0
12565114,0
18706549,-1
19560388,0
9627287,0
12176511,0
25467040,-1
8709688,0
16461133,0
18071020,1
15825071,0
24631567,0
22819061,0
12923506,-1
10841218,-1
15094260,0
15145300,0
15541406,-1
8880847,-1
9330919,1
11567820,0
15451330,-1
9367476,0
24315046,0
10231040,-1
15567053,0
20970380,0
16916540,0
17070177,0
10738097,1
18555147,0
16098854,0
15236821,-1
24602430,0
10533862,0
15741004,0
14966702,1
21183326,0
7658266,0
11929644,0
10972368,0
15985339,1
21820536,1
20576364,0
19852964,0
11473657,0
15225827,0
16316362,0
18164324,-1
11239907,0
20828584,0
8365305,0
10675071,0
12220774,0
14586908,0
16935098,0
15817329,0
19531445,0
11439206,0
16162759,-1
15705369,-1
24518002,0
12480423,0
17950105,0
20692031,0
8918323,0
12893326,1
18539225,0
11755326,0
12548212,-1
11690735,1
15193811,0
12681871,0
15520691,0
9366314,0
12849923,1
21959071,-1
11257242,0
12643970,1
12193919,-1
18482817,-1
23578440,0
17493669,0
17257820,-1
21059444,0
23079535,0
11154366,0
15805993,0
18550198,0
23871112,1
15792748,-1
11779591,0
20855168,0
23561869,-1
12370870,0
12634025,0
12388963,-1
15620767,-1
16337041,0
17383335,-1
14652832,1
18774746,0
19136094,0
16648084,-1
17174527,0
8449049,0
9270645,-1
10386282,0
10568870,0
17719935,0
10972697,0
2184993,0
19135998,0
15541850,-1
17716779,0
11054217,-1
16697324,-1
21600559,0
18249325,0
22033040,0
9485231,0
17826341,1
21183370,0
12517654,0
12576829,0
11068197,0
10632419,-1
14667431,0
10863061,0
11910388,0
15134985,0
25142708,0
11641678,-1
11239652,-1
12726791,0
21257263,1
12767566,-1
16797393,0
16310388,0
24075842,0
8449072,0
21419560,1
17512011,0
16730924,0
16376250,0
25444354,0
16129366,0
15485755,0
10434220,-1
9692452,-1
23234802,1
21272821,0
10027428,0
19041130,0
2661155,0
16569544,0
12660054,-1
22197301,0
15200450,0
15652441,0
25557395,0
15172773,0
17420159,0
16899830,0
12435467,0
16731075,0
17548243,0
15374722,0
11112894,1
21752586,-1
16199148,0
17383291,0
22245235,0
9914578,-1
20537841,0
12461494,0
18675745,-1
9159625,0
16194649,0
21112451,-1
19897413,0
12877821,1
19130936,0
11445099,0
21945130,0
12550145,0
18595749,1
15343540,0
22082991,1
21507585,0
9631802,0
19101099,0
17512301,0
12842506,-1
15629872,-1
18359433,0
25499565,0
16126045,-1
14583368,1
15356500,-1
15313507,1
9072603,0
25108752,0
23618609,0
15582638,-1
11696741,1
10572334,-1
23261172,0
10362203,0
17027436,0
18448233,0
12475575,0
10770301,0
11576803,1
18657671,0
12441935,0
12106617,-1
12798892,0
10782903,-1
22858212,0
19246029,1
17291843,0
24388839,0
10604689,0
15695996,0
10798837,1
22285609,0
18786585,0
19962941,0
16781075,-1
16775595,0
15953714,-1
22100213,0
9164316,0
16326295,0
18423812,0
9714946,0
12499032,0
16564940,0
10440307,0
16125534,0
15925158,0
15337553,0
22349069,1
19361800,0
16813773,0
23137509,0
16797395,-1
21126666,0
18498809,0
20655106,0
11744467,-1
16949590,0
15450766,-1
10636368,-1
10715467,0
17175410,0
22127938,0
11343038,0
16890599,0
17719366,-1
22795046,-1
17329192,0
17678656,-1
19647940,0
11267317,0
22459628,0
18471512,-1
10936116,0
17011315,0
21640669,0
12499030,0
22366446,0
16303215,0
8757574,0
17826977,1
18434045,0
17904975,0
19796802,0
10421300,-1
15465543,0
16139183,0
20236776,0
9039200,0
11150622,1
8572007,-1
16009290,1
17185207,0
11275394,0
12826316,0
16226614,1
25595413,-1
16143126,0
15276691,0
17499993,0
15081650,-1
17618764,-1
12767646,0
11520523,-1
10023893,0
16236558,0
14595277,-1
22284563,-1
12963188,0
23529145,-1
20946990,-1
15450839,0
20307702,0
19410209,0
18289823,0
10231045,1
14636905,0
9065192,0
12867898,0
10484801,0
20609969,0
17383650,0
19109962,0
11303205,-1
12732372,0
12706935,0
9571599,0
19268878,0
18641106,0
10808980,0
18614347,0
17869295,0
16618403,0
18775625,-1
17868680,1
22621795,-1
10856472,0
17462639,-1
10217083,0
10438995,0
23039931,-1
18061267,0
20511085,0
23246119,0
17951625,0
17892999,-1
8828420,0
18177775,0
15653998,0
21196073,-1
15464773,0
15530588,0
22762978,0
17132479,0
16644334,0
17459550,0
12375237,0
11216737,0
12450644,0
10807817,0
19028329,0
15660024,0
8918275,0
15539049,0
19682886,-1
19304278,1
12423712,0
12127376,1
12670780,0
10334433,-1
22921476,0
17182200,-1
19555938,0
10960643,0
11124669,0
9354537,0
12946338,0
19379993,-1
10494483,1
16996315,0
18456384,1
15866309,0
9610579,0
19200959,-1
15567009,0
18155581,-1
22749425,-1
18809275,-1
16084809,-1
20435345,0
15494201,-1
11591548,0
10362151,-1
16626610,-1
15950714,0
11104879,1
19573818,0
14984936,0
9350914,0
18442690,0
19896571,0
9449869,1
12507714,0
10886577,1
26277572,1
10812235,0
11377152,-1
11551576,0
15023585,0
16872795,0
15451121,0
21955873,0
8382712,0
10492632,0
11377644,0
20103449,0
21628084,-1
11060526,0
23548250,0
11119899,0
19118956,0
20813577,-1
11077389,-1
10487566,0
16307966,-1
11269462,0
15057739,0
10604701,0
12757964,0
22809999,0
12383542,-1
17693179,0
18279948,0
9414052,0
9166175,0
12877888,0
9882058,0
22402568,-1
11339921,0
19348923,0
21507573,-1
10859037,0
7752005,-1
11336714,0
19232595,1
16234007,0
9935002,0
11172852,-1
16626607,0
15017487,0
24508036,0
22348845,0
17660078,0
11731187,0
12919761,1
11154750,1
16979793,0
17689896,1
15596155,-1
18089258,0
19523680,0
17964223,1
11059861,-1
14527527,0
14622817,1
15740818,1
16427366,0
9396885,-1
20117927,1
20185357,0
21742284,-1
22153756,0
23541069,0
22935323,-1
18086500,1
19596586,0
11756911,0
16194647,0
23811059,0
17161535,0
12970667,0
21329971,0
17173849,0
11239552,0
16458252,0
9769616,1
17941284,0
9077616,0
14643116,1
1729110,1
11113837,0
15925046,-1
15157037,-1
19110026,0
10389710,-1
11435842,1
15580199,0
23706958,0
16616020,0
18045712,0
17908562,-1
17601495,0
23340042,0
15661416,0
11124286,0
12821232,-1
12504970,1
11755552,0
24439136,0
17905575,1
24050808,-1
10227221,1
16242695,0
18952497,0
9008250,-1
19111270,0
16600226,0
17869079,0
17145434,0
12628619,0
15319761,0
11849904,0
21641635,-1
3608590,-1
14520213,-1
16546538,0
24384105,1
19217632,-1
10865688,0
10715366,0
12183009,0
14662211,0
19766645,0
16564618,-1
15661598,0
15121121,1
16733114,-1
18621147,1
19232601,0
24388695,1
9247524,-1
11948034,0
11009140,0
11796177,-1
16427266,1
9649913,1
16143225,0
19926502,-1
17988947,0
12766743,0
15354280,0
20610322,-1
21802850,-1
12504396,1
12504934,0
11295003,1
14757388,0
10906502,0
18331927,-1
9636522,0
16600372,0
10196011,0
15698593,0
15746784,0
9240592,0
15165654,0
16293317,1
18215554,1
9369825,-1
19168111,1
15459609,-1
10484799,0
12559144,0
12873543,0
22266087,0
20598667,0
9788030,0
9165379,0
12844093,0
10807440,0
15020174,0
21820220,0
11267460,0
11677004,0
11920355,0
17531577,0
14998601,1
14739050,0
18337049,0
18805335,-1
16126161,0
9660024,0
16644314,0
22067762,-1
12694671,0
11803097,-1
21907496,1
16120456,0
19136148,0
24440236,0
10071726,0
9524901,0
15246903,1
17448700,-1
15343260,-1
9486679,0
17662790,0
23510582,0
14729297,-1
17434505,0
11738778,1
16580290,-1
20934829,-1
3698694,0
10960627,0
12547542,1
15988430,0
19635340,1
10428346,0
15191380,0
11738746,0
10795950,0
10881805,0
19046833,0
18249333,0
14747807,0
15033498,0
18707985,0
16618486,-1
10665556,-1
15672012,0
10615229,1
11897462,0
11788172,0
11226996,0
11054327,0
18201643,0
15814161,0
8709734,-1
10492293,0
15766629,1
18249334,0
11904128,0
21458989,0
15302719,0
14511925,0
16307999,0
9269212,0
8339631,0
12220747,0
9699198,1
10725637,1
18638594,0
22322126,0
21075562,0
16928490,0
10967371,1
21497140,-1
18996423,-1
15922429,-1
10974183,-1
21596429,1
16815651,-1
17368619,0
17445639,0
23079140,1
15795719,0
17448975,0
14531480,-1
11027910,0
10476515,0
10867086,0
17367893,0
20381972,0
11568790,-1
15681099,0
22398174,-1
17258568,-1
8774514,-1
14529800,0
15491558,0
12798483,-1
10418699,0
12119210,0
18656217,1
25863654,0
16077402,0
18289563,0
16084255,1
15325939,1
7536271,0
15086477,0
10221603,-1
24694748,0
15953681,0
18355797,0
18346622,-1
10230747,0
15507930,0
16271575,0
24650447,0
19195916,0
15979021,0
18790598,0
18789466,0
19409861,0
18450126,0
11978335,0
21334098,-1
17601560,0
16818032,0
20116706,0
19524389,0
23332861,1
17140582,1
16139819,0
17689931,0
12114338,0
24424425,0
12957433,0
19883909,1
10371376,0
20974089,0
17920365,0
15792759,0
11864673,-1
7564453,0
11267196,0
11173173,0
12465020,0
18455961,0
11578894,0
9716056,0
9077613,-1
24076337,0
17162048,1
19321268,0
11262469,0
17208082,0
15915393,0
22264573,0
12893153,1
12383808,0
9721763,0
10470630,-1
15149875,0
10421299,-1
9683207,0
10083497,0
15482763,0
19660800,0
11959338,0
17560664,0
12039468,-1
18926516,0
19100928,0
10775722,-1
15953905,0
15389185,0
23036149,0
10459591,0
16243128,-1
14680938,1
17161060,0
1538504,0
10428146,0
21420587,0
10906500,1
10596882,0
17045832,0
11641669,0
10494484,0
17137887,0
21641021,1
10576189,-1
9610586,0
3709244,0
15059710,0
20850831,-1
21177034,-1
10712997,0
14622893,-1
22877809,0
14698701,1
19815264,0
16084808,0
11865276,0
12520257,-1
19375849,1
18468815,0
16632018,1
12861134,1
20673585,0
17903837,0
9266871,0
23299011,0
648209,-1
10987607,0
22204857,0
9840564,-1
23726433,0
12126683,0
15548447,-1
18585701,0
15970844,0
20149953,-1
19038583,0
9427903,0
12601321,0
12063522,0
12969165,0
16522412,0
9848296,-1
14511870,0
12161053,0
18439602,0
17174705,0
18279821,0
11576802,0
22033341,0
19135567,0
24525115,-1
16797309,0
17610879,-1
16143129,-1
22749221,-1
20015605,0
9725389,0
15620492,0
21353105,0
10023500,0
16616449,0
17544845,0
19061735,0
19394017,0
18387406,0
10466665,1
19502035,0
17967668,0
11849464,0
17023012,1
17950970,0
12850618,0
12517683,0
14572947,1
15336581,0
10724022,0
15465502,1
9468743,0
12103285,-1
15050083,0
11164668,0
15300538,-1
22137804,0
16153694,1
11854872,0
19410397,0
14586921,-1
12767421,0
9456097,0
16697124,0
21663949,0
16999950,1
17681825,0
14560228,0
16750207,0
16682309,0
14760258,0
9290452,-1
3191761,1
16930768,-1
11750840,1
20951018,1
17368232,-1
11368986,0
12699806,-1
10517313,0
15062908,0
24333038,0
19185645,0
11368985,0
16472981,0
10620210,0
18455592,0
20202537,0
15364311,0
17919621,0
17188087,0
10492263,0
11239729,0
9627740,0
14992881,-1
23683859,0
9423752,0
16650535,-1
19230757,0
22906892,-1
9504513,0
8306757,-1
15901518,0
24388057,-1
17141354,-1
15812447,0
15821652,0
16728295,0
20728210,0
12659989,1
17055767,0
22789885,0
15284771,-1
19091331,-1
9651635,0
11137652,0
16842918,0
19559297,0
9688484,-1
17046300,0
18472103,0
8365276,-1
15126993,0
16899213,0
11191537,0
10359405,0
18547863,1
10509987,-1
15201783,0
15547832,1
17466657,-1
12745177,0
23791561,1
25127739,1
23062530,0
11084175,-1
23021878,0
9893656,1
16100154,0
10023505,0
12133656,0
9515854,0
10746528,0
16298061,0
17207748,0
16182355,0
22704112,-1
21663809,-1
16182896,0
11113797,0
16289514,0
15781177,-1
12730861,0
11267285,0
17967712,0
18761242,0
22658231,0
19446324,0
17963858,0
14528540,0
17582406,-1
15951089,0
11854696,0
19231397,0
9916960,-1
10657828,-1
17962050,1
9627295,0
18588848,-1
14997127,-1
10432138,-1
16213302,0
17313998,0
14664877,1
17543895,0
17681544,0
16782569,1
10755239,0
18440484,0
16198779,0
25135744,0
11547053,-1
11810088,0
10511349,0
15480990,0
17161934,0
17977641,1
16580189,0
15595336,-1
10862808,0
22305833,0
19249659,-1
19332365,0
15223085,0
20409751,0
12535744,0
11384827,1
16290987,0
16026898,0
10679130,0
12915827,0
22443839,0
15063607,1
16099630,0
8583588,0
19013613,0
17445634,0
11394463,0
15110616,-1
18555912,0
15380964,0
18929360,-1
15982790,1
14987884,0
20598855,0
12480424,0
15276107,1
8618295,0
10930797,1
12414003,-1
9057729,0
16154016,1
16024212,0
20637390,-1
18606439,0
20097417,0
19231082,0
22410480,0
10933364,0
9310604,0
14749629,-1
12076551,0
17826451,0
22391143,-1
18602960,0
25029428,0
20537810,0
16778272,0
15193474,0
15902121,1
18723335,1
21353220,-1
16503464,0
16061314,1
11849412,0
11461738,0
19651266,0
9681909,1
11427243,-1
15024927,0
11288011,0
11353937,0
12909492,0
15097955,0
19695776,0
18249211,0
25445335,0
25555381,1
17521743,1
21316752,0
14676759,-1
17996208,-1
8942501,-1
20466437,0
12712059,0
20825792,0
12612902,0
15356465,1
16098397,1
19818690,0
10616425,0
12766751,0
15302290,-1
20109697,-1
14553868,0
10547243,-1
12849825,0
19254583,0
17071204,0
19193417,0
11044540,0
14657819,1
19375681,0
16631656,0
23415615,-1
10515676,0
17239657,0
9291904,0
10386278,0
15797671,0
21665136,0
11331113,0
16086983,0
11267324,0
24139986,0
17643535,0
21839625,1
21843688,-1
10461843,0
16338507,0
24725475,0
7606988,0
23562009,0
15078738,0
16956684,0
22683276,0
17007812,0
2123152,0
10962414,0
10857519,0
12842680,0
16242900,0
16098635,0
17000077,-1
23622992,0
16198059,0
10065780,0
15476998,0
23313532,0
10737578,0
8691863,0
22383660,1
11454372,0
15011204,0
16434254,0
15617914,0
21397770,0
12957259,0
15057200,-1
10665159,-1
12727038,0
18534438,0
10586171,0
21742556,0
21856044,-1
17336650,-1
20638139,1
21550483,0
15454133,0
22537617,0
20692030,0
11397621,0
21763385,0
11343045,0
18805649,0
16720089,-1
23274561,1
18024209,-1
23332236,0
9870832,0
16905077,0
7776075,-1
23561946,0
15565082,0
15256294,0
15342210,0
21092748,0
12114036,0
15652879,0
23787221,0
9720832,0
15878048,-1
10192340,1
19233390,0
11274941,0
21700360,0
14500059,0
15033399,-1
17967669,-1
12711119,0
22424877,-1
9495601,0
16022920,0
11854728,0
19524577,0
11730742,-1
18325740,0
9396895,-1
14687740,1
20633669,-1
20197161,0
15943939,0
14751349,0
19375091,0
11265951,1
15129394,0
11929646,0
8942774,1
9555794,0
22885015,1
18513531,0
19716639,0
10748808,0
15825065,0
17964789,0
21310372,0
11166969,0
22018993,0
10393602,0
12532097,-1
12091844,-1
12689799,0
15219299,-1
21291800,0
15963687,0
22176793,0
15113632,-1
21752481,0
19819688,-1
14608559,-1
9879163,0
17270315,0
21316972,1
23628600,0
19864187,0
1920650,-1
18952082,-1
18538402,0
20678878,0
24636027,0
10973650,0
24461574,0
11703992,0
16424409,0
20064494,0
8365298,0
17905357,0
17662757,0
20153269,0
10898185,0
16648017,0
15933977,1
17964764,0
18439587,0
20624510,0
11230886,0
18565634,0
19959322,0
19111215,0
9316514,0
14568634,0
17651893,1
17631129,0
20434024,-1
16260197,0
10973651,0
8350435,0
16904773,-1
16426990,-1
11994699,-1
21852106,0
9308570,0
16997056,0
24793078,-1
19375574,0
12590989,-1
17531723,0
17478265,0
18295614,0
9532549,0
17658663,-1
13129633,1
18206247,0
20356588,-1
15482765,0
19800329,0
17689600,-1
18514907,0
10475357,0
19038708,0
24439682,0
17317370,0
15157684,1
12417358,0
10480473,0
23454876,0
23122512,1
18061648,0
15846191,0
10632418,0
11073017,0
20176418,0
8722429,0
22000821,-1
9548161,0
12972172,0
19553086,-1
12297207,0
21247573,0
22248605,0
18005834,0
12193911,-1
15120684,0
11744411,0
16198334,0
19744614,0
12744870,0
14660997,0
15870666,0
20103076,0
11397604,1
15820913,0
11260412,-1
22437068,-1
15706008,0
21565593,0
17961876,0
20880596,-1
15780221,1
14622686,1
16815748,0
10485720,-1
1935294,0
21515120,0
12020525,0
19233313,0
12100793,0
22497967,0
11886692,0
16546539,0
19239860,-1
15580195,-1
9874426,0
10930801,0
17240231,-1
11880017,-1
15530582,0
19013598,0
11814498,-1
17055681,1
17894937,0
19394503,0
18602250,0
19501210,0
18242008,0
19837207,0
11082801,0
19249048,-1
18068064,-1
11675064,0
16274713,0
23429964,0
11081892,-1
16860045,1
15294364,-1
16338599,0
12798894,0
12423984,0
11377310,0
11435843,0
19442782,-1
18675959,-1
8950879,0
11832254,-1
14981383,0
19416298,0
18635256,0
15846187,1
22014532,0
9065178,-1
12706636,0
17892986,0
16256183,1
18164145,0
11376910,-1
9648703,0
11191538,-1
15207999,-1
26287876,0
16905035,0
23927913,0
15015186,0
15695126,0
19596010,0
11755291,0
10470844,1
18692827,-1
15037404,-1
15144762,0
17870625,0
22541809,0
12963902,-1
17134956,0
22342546,1
15794968,0
16996224,0
18022061,0
12527599,0
15288482,0
15480323,0
23561712,0
15925449,0
10080041,0
12241833,0
11137927,0
15882713,0
24882434,0
9479614,0
12547469,0
15336334,0
15109507,0
16087407,0
17869598,1
9627294,0
15208594,0
17408924,-1
19835717,0
9925060,0
8709687,0
12504397,0
11810078,0
15964595,0
17664051,0
21783425,1
19425228,1
20138037,0
20826249,0
16054963,0
16616557,-1
14988824,0
11524058,0
19926203,0
10501359,-1
15756211,0
17678776,0
16697231,0
21239052,0
19216002,0
15866552,0
17095339,0
12834936,0
10750762,0
16140071,0
13678870,0
15780704,0
17467230,0
21640762,0
21515164,-1
16377361,0
18434221,0
12583942,1
11344343,0
15223402,0
15223093,0
22617632,0
11814510,-1
15358464,0
8632574,0
19747869,0
20097461,0
19329013,0
16169159,0
22425787,1
9131311,0
18308500,0
18590888,0
17113886,0
18424200,1
21147414,0
19443022,1
17996926,-1
16713809,0
11110112,0
19258083,-1
20423755,1
16043178,0
11457626,0
11880085,0
14984874,1
15236870,1
22503739,0
18222552,0
11451296,0
15940132,-1
16478844,0
11869740,0
9482294,0
10647664,0
26025097,0
9649101,0
18410774,0
14581122,0
17507163,-1
22119244,0
23870441,0
9039169,0
10527445,0
21640780,0
19394448,0
9382120,-1
16920183,0
14706720,0
16765532,0
15362027,-1
12834674,-1
10511361,0
9822092,0
20185272,0
21831480,1
15193852,0
16246655,-1
22100822,-1
12798401,0
23394867,0
18272338,0
12063520,0
22005174,1
15278040,-1
18639302,-1
9423499,-1
15680926,0
15069395,-1
15902180,-1
15094269,1
9745800,0
17426195,0
15288394,0
19467896,0
19083445,0
14559046,-1
16530916,0
18486778,0
15450833,0
23237107,0
8694043,0
16442954,0
12633912,-1
21078545,0
19409339,0
15541405,0
12809659,0
19465145,0
12477581,0
17306703,0
21943828,0
22192386,0
16226397,0
16005336,0
16934402,0
19857636,-1
10768530,0
20619624,0
17288990,0
25212745,0
22889861,-1
10686270,0
16889952,0
17499419,0
23158805,0
10640160,0
15749505,-1
9757875,1
15914128,-1
18486508,0
20347079,0
12861157,0
12969711,0
10916100,0
11419611,0
11418225,0
23594787,0
19825502,1
12919708,0
20505654,0
25234040,0
10689659,-1
18433677,-1
19058760,0
12906979,0
11844507,-1
15463829,1
18423809,0
12646336,0
21492750,-1
11166746,-1
9155807,0
19540640,0
12609332,1
3191758,-1
18538974,0
12798694,0
11191542,1
16487712,1
18314118,-1
12583920,0
16831439,-1
17250965,-1
11743286,-1
21570549,-1
17533020,-1
18534221,0
23619315,0
11761499,0
12445849,0
15086935,0
16461169,0
10725475,-1
16137833,0
22959906,-1
17908569,0
9611015,1
16770975,0
12742556,0
15507959,0
21978929,0
21126827,0
15373886,0
15541449,-1
15582060,0
20392515,1
19726226,0
11344001,0
20709257,0
12618680,0
10489946,0
15626549,0
20430241,0
15140461,0
17101314,0
18325720,0
14973802,0
20576472,0
9794671,0
12095721,-1
16569550,0
15564035,1
16403616,0
12106752,-1
17493509,0
14749191,0
18037099,0
14664880,0
6754274,0
24184147,0
18486171,1
12583945,0
24912459,0
9723315,0
22884184,0
24636614,0
9515848,0
12850603,-1
16753335,0
22520142,0
15375810,0
18076912,1
15036669,0
17964881,0
17719932,-1
21703829,1
21764136,0
10937426,0
16797292,0
23154555,0
19306963,-1
24461279,0
12909511,0
14751362,0
11223108,1
17141703,-1
9607383,0
18482822,-1
18261963,0
9039201,0
10982759,0
16310305,0
15467557,0
24440678,-1
19135958,-1
21782352,-1
23195001,0
18977178,0
19766942,0
16243440,0
10625023,0
17046506,0
16473436,1
18752983,0
15349113,0
19046761,0
21310551,0
11887119,0
19837206,0
11025176,0
19411087,0
11165126,0
18035566,0
14984854,-1
15610805,0
18402856,0
11641677,-1
15558528,0
17074485,0
11342912,-1
10232502,0
15523351,0
15036709,0
8021796,-1
14572489,0
19251004,-1
11334921,-1
11369151,0
9447368,-1
12694974,1
12749425,0
19101098,0
11551574,0
17560476,0
23068310,0
15100667,0
8757567,-1
24393351,0
11880065,0
21783050,1
17964883,-1
11165465,0
17092691,0
16713778,-1
12834653,0
19818450,0
19854554,0
9186381,0
11743491,1
9723390,0
12094184,0
12167446,0
16308009,0
18572079,0
11822998,1
22079215,0
22019031,-1
10208192,0
11738537,0
22901955,-1
14615736,0
25555358,-1
10593430,-1
15288403,0
19375278,0
15894970,1
18325770,0
19208440,0
20395080,0
18400400,0
12909504,0
11722037,0
11028492,0
16171663,0
20347835,0
23954387,-1
9829650,0
8765270,-1
18346940,1
12464864,-1
10733017,1
11020511,0
12072331,0
11119922,0
11932129,0
9664919,0
11342895,0
19819210,1
20708444,0
17347061,0
19386439,0
24856464,0
12176634,0
16488084,0
17188780,0
18343200,-1
11486720,0
3522114,0
1495150,0
15911190,0
18164144,0
11696811,-1
17935764,0
9514454,0
11139109,0
16410042,0
12748029,0
19058926,0
12161042,0
25308884,-1
11331169,-1
10889283,0
15017504,0
19796721,0
17599576,0
18849052,-1
9015001,0
12095806,0
11333096,0
17509869,0
9472754,-1
9723625,0
14609531,0
11399407,1
23228527,0
20003918,0
20580361,0
19801054,0
17397702,0
11465650,0
23906657,0
16126372,0
16490647,-1
18321486,0
14615738,0
9602197,0
16842892,1
11499745,0
10647721,0
11425054,0
10812143,0
18304848,0
15364188,0
20420960,-1
9298430,0
18485668,0
15734080,1
15749500,-1
16316360,0
15336749,0
12454841,-1
7869205,0
11395029,0
20471543,0
23084955,-1
18486287,1
8694041,0
14551014,-1
10765007,0
12372443,-1
12818582,1
15774255,0
19409344,0
19232896,0
9270638,0
340157,0
19627690,1
10468454,1
10230741,0
17328985,0
17157780,0
19837005,-1
17561418,0
1460707,0
15808387,0
15020170,0
16495014,0
11228385,1
17499653,0
22824447,0
19176222,-1
17920715,0
15533544,0
16253719,-1
3342656,0
20599339,1
15519629,0
17224353,0
15325678,0
19679450,0
16564209,-1
19875173,0
18755319,0
20869152,0
12137829,0
22483162,1
10453871,0
15302243,1
19545680,-1
17434094,0
12878450,0
14769732,0
21683831,1
17950856,0
11426363,0
16580376,-1
20005375,0
10675118,-1
17225720,0
17651705,0
3279235,0
12957457,1
11431192,-1
11018619,0
18067963,0
8784014,-1
15890545,1
16815148,0
12681876,-1
10519615,0
10812310,0
20472489,0
21733566,0
11755608,-1
24360369,0
24237916,0
15165091,0
14697435,0
12015500,-1
10885603,0
19732888,-1
22341824,0
23787030,-1
18439584,0
19501587,0
9792567,0
15617967,0
8996307,0
12830021,1
15637558,0
11356439,0
11809341,0
18930568,0
15153855,-1
21975275,0
19560810,0
15716221,0
17336026,-1
16246657,0
9801119,0
9215204,-1
16469681,0
7544827,0
12151162,0
16442481,0
12951310,0
12576255,0
15013579,0
12095487,0
10892945,0
10625156,-1
19285598,0
10098823,0
12171809,0
15578509,0
16236837,0
17659916,0
10886592,0
16765169,0
18006026,0
18304580,0
12131314,0
19103500,0
18164939,-1
8973432,0
15664003,0
9636524,1
17138081,0
20434660,1
22336574,0
9740480,0
16923414,0
10080199,-1
11418253,0
10214835,-1
19969174,0
10685535,0
21962415,0
10704632,1
15694220,0
18571502,0
22317838,0
15558520,0
17218570,0
22999984,-1
9310603,0
15917152,1
12539003,0
16401473,0
26529175,0
15158628,0
8131469,-1
16431252,-1
9627664,0
21237718,-1
17049662,0
21596073,0
12636956,0
10724076,-1
16698351,0
11451839,-1
23158886,0
20554457,1
15215792,0
12757969,0
21277076,1
14517513,0
18394495,0
15136392,0
17320942,0
20723631,-1
10496434,0
22892337,0
10966544,0
10645355,1
12413984,0
12086759,-1
12387959,0
22325134,0
17218551,0
11733877,0
16627035,0
11965274,0
11072938,0
21620644,0
15857741,0
20348032,1
15555694,0
12922087,1
16046940,1
15041988,0
17950161,-1
9396908,-1
15901516,0
18499184,0
12850615,-1
11730741,0
10065804,-1
17182126,0
25456783,1
16325968,0
19473813,0
11115082,0
20537722,0
15288222,-1
18055183,0
19729344,0
15039684,0
16310555,1
18829215,0
21924563,0
11042301,-1
21807474,-1
12749435,-1
14967373,0
11445471,0
16563810,-1
10586177,0
15653255,0
18215506,1
18586174,0
8950882,1
24814090,0
16164656,0
17207911,0
19836904,0
21920193,-1
23206319,0
18672332,-1
12433510,1
12354470,-1
18783971,-1
17052565,0
16698259,0
18582928,0
11728483,-1
3510820,0
16859871,0
9258416,1
11607900,0
10465169,-1
21256649,0
10376128,0
11134829,0
17658696,0
17950795,0
15363874,1
16517330,-1
12798478,1
15539735,1
12788572,-1
11700188,0
12039463,0
17198774,0
18295343,0
25933111,0
10589588,0
10323611,0
19853518,0
12833248,1
18047871,-1
19019650,-1
16815649,1
12796667,0
11289347,0
12737864,1
15950329,-1
16677697,-1
23816038,-1
22877814,0
9674466,0
16759902,0
12475841,0
14680672,-1
12383664,-1
15752893,1
10751856,-1
9544650,0
10190914,0
17678651,0
19480864,0
18640457,0
9607385,0
15733876,0
20211323,0
11904624,0
10622347,0
19154992,0
8623802,-1
10509988,0
14582037,0
15820346,0
12168963,0
17239798,0
10908773,0
12160800,0
12270324,0
15866596,-1
15877299,0
24562087,0
8623811,0
10699609,0
23537605,0
19878781,0
12498843,0
14636839,0
16740440,0
11348933,0
14511868,-1
20580303,0
21664509,0
17923296,0
20620518,-1
11532465,0
15097956,0
17175106,0
21144499,0
16770976,0
10064663,0
15733875,-1
10984382,0
8659471,0
12009344,0
9415501,0
17011666,0
14529684,0
15215806,0
15351586,0
21219987,0
12691786,0
16632329,0
19264565,0
9388396,0
9500751,-1
15330493,0
15761427,0
10899655,0
22480663,0
21724263,0
20621711,0
15627538,-1
19021989,-1
9683362,0
15996609,0
20007011,1
23830530,-1
14725954,0
9146609,0
11163814,0
22836073,-1
18396254,0
7622763,0
16889999,0
18371964,1
18514729,0
10509499,0
12628633,0
19341921,-1
18226614,0
18096137,0
17270510,0
14687871,0
19409657,-1
21316157,0
12565982,1
17618805,0
9279493,1
12631373,-1
15533536,0
21628102,0
12684289,0
14718419,0
21840705,0
12372452,-1
18684418,0
10972367,0
23465817,0
15249439,-1
11516807,1
21778259,-1
10534967,0
22841551,-1
16930863,0
18565577,0
15234664,-1
18606533,1
18657569,0
12062456,0
21402327,0
11226444,-1
15157691,0
17241859,0
15236979,-1
11211909,1
15343256,0
7484965,0
16919802,0
12220757,-1
18603250,-1
19231298,-1
12445410,-1
16860624,0
17467889,0
15754269,0
21889410,0
20701962,0
20633407,0
11799384,0
20797774,0
10802077,0
17631400,0
10459957,0
11157606,0
15954049,-1
18054445,0
22472463,0
12324782,0
18241749,0
10320115,0
23911077,0
14672612,1
18468831,-1
16839800,0
14749158,0
20417038,-1
9551418,0
18954649,0
17062260,0
14557011,1
10624646,-1
9794661,0
11312480,-1
12592272,0
16106336,0
19699111,0
15530594,-1
20116700,0
16522454,0
15661440,0
19339045,-1
9519948,-1
16564210,1
25739520,0
15936869,0
9457094,0
10856489,0
20175973,-1
6628007,0
12791448,0
16325694,0
16083948,1
9092738,0
19541304,0
12972224,1
16919322,0
12633795,0
11435839,0
11435009,0
16600225,0
8404107,0
10506679,-1
14527649,1
15385131,1
11879860,0
7636658,-1
12426500,0
21605732,0
24461900,0
15704045,0
17240233,-1
23830725,0
14634601,-1
18395579,0
10675165,0
15950639,0
15110063,0
20832366,-1
18442722,0
19786306,0
12592266,-1
9322620,0
25168524,0
11641687,-1
16952777,-1
8283363,-1
10571355,-1
15556258,0
17339107,-1
18178525,0
22001561,-1
23890679,0
16753439,0
10572324,1
15940615,0
23415775,0
11030499,0
23017384,0
12756382,0
18945572,0
23083831,-1
12560149,0
17650832,-1
12171842,-1
11401110,0
18023151,0
12550149,0
11131448,0
21665007,0
17234558,0
11008086,0
17692642,0
21920481,0
15120768,0
16923483,0
17950797,0
21353334,0
24630348,0
15086925,0
9596315,0
22762867,0
24034580,0
16271907,0
15518674,-1
15589385,0
19130937,0
19962354,0
20542391,0
18514614,0
11260410,0
23195004,0
20045611,-1
11904617,-1
11597664,0
20074698,0
20883988,0
9357454,0
11598599,0
2106408,0
16677714,0
18485453,0
19833379,0
15848478,0
22168961,0
11810100,0
23602498,0
19349389,0
21862331,0
16504907,-1
16455288,0
16919749,0
25085020,0
8873736,0
25726043,0
15463808,1
12137881,-1
15629825,0
22858219,0
15767179,1
20883981,-1
17161766,0
10788675,0
11696804,1
16580575,0
9400485,-1
12023699,-1
20627440,0
11932132,0
20430429,0
23732774,-1
15023570,0
11113068,0
2521362,0
12477620,0
11325444,0
23415877,0
25862116,0
12850128,0
11431176,0
17900584,0
22609300,-1
9104995,0
19361582,-1
19389421,0
22322124,0
16733171,0
10607324,0
12050495,0
12445750,1
20299189,0
8873738,-1
12046033,0
17182183,0
21296261,-1
11932074,0
16051446,0
19892078,0
19631790,0
17175424,0
12873780,0
22521201,0
9607384,0
12468136,-1
12406534,-1
21047602,0
3282825,0
2707058,-1
17699132,1
22672917,-1
11588740,0
12637904,0
15664306,-1
12810142,0
14744472,0
15774291,0
11295009,-1
15547527,-1
8765249,0
17210208,-1
16159631,-1
21296543,1
21704290,-1
10076111,0
11391327,0
15784478,0
9654256,0
17482249,1
9550167,0
18079068,0
12867108,-1
16996124,1
14732316,1
18638709,-1
9322632,0
20350619,0
19135997,0
8996264,0
21295881,0
12486429,0
11704164,-1
16714056,1
2404710,-1
9500318,0
11425414,1
11566168,0
11068300,-1
10500617,0
21055649,0
11320947,0
23352180,-1
9509950,0
16579924,-1
11240946,-1
17482520,-1
15607598,0
22464834,0
19177141,0
9093250,-1
11812957,1
16387583,0
22306436,0
23499420,0
20133013,0
20547392,-1
9669750,0
15940616,-1
19406291,0
18538237,-1
23584193,0
11356585,0
17175431,0
10760228,1
12559678,0
12915835,0
15950657,0
17046377,0
15246619,0
25266313,0
15607839,-1
15850883,0
16316811,0
14710104,0
15979735,0
12548209,0
16527562,0
18585671,0
11576883,0
16982402,0
11311761,0
20619576,0
19114153,0
11704175,-1
15288679,0
18851861,1
8627841,0
11174621,0
20227168,0
12691930,0
16979998,0
15295374,0
9216523,0
11744350,0
23352054,0
15708385,0
16716615,1
15777891,0
10492316,-1
19110359,0
17826428,-1
17029788,0
10084469,0
22766124,-1
9593407,1
11676995,0
17344030,1
15343198,-1
12055582,-1
19394731,0
17908705,-1
24055415,0
11099743,0
16733158,0
25241220,0
18342647,0
12865102,0
9215181,-1
16914336,0
14732417,0
15685517,0
15734255,0
16730113,-1
10659896,-1
15234692,1
10604491,0
15561449,0
15696076,0
9578274,-1
25461822,0
11445789,0
19233435,0
12171821,-1
21035866,0
22040533,0
9688485,-1
22901887,0
21497022,0
19837425,0
24684771,0
17185202,-1
14597936,0
21940136,0
7832348,0
17452166,0
18701270,0
11988381,0
11137283,0
9255748,1
25721551,0
24440362,1
24140033,-1
14566252,0
18384853,0
19176275,-1
19463379,0
10440303,0
16014056,0
19358929,1
25510692,0
11955734,0
15668185,1
17681347,0
18328440,0
25305357,0
21726907,1
17698275,-1
16293396,0
22890087,0
15733882,-1
12093422,1
23688651,-1
16860496,-1
11900758,1
15825069,0
10593672,0
17540474,0
17964008,-1
21220064,0
16025044,0
18262450,0
9696169,-1
21044715,0
21851929,0
15028450,0
19853886,0
11728761,0
18371477,0
9690406,0
12504971,-1
16236892,0
15925128,1
17543818,0
15823640,0
17011699,1
8957369,0
15258862,0
11704101,0
10827335,0
17928091,0
17967593,0
10190915,0
15749130,0
16982235,0
17466514,1
9741502,0
10534584,-1
16022854,0
20378181,0
21689848,-1
24438771,0
14988688,0
16839826,0
23791232,-1
24374115,0
16905024,-1
10859040,0
8961992,1
9738794,0
12629374,0
11668312,0
11289350,0
14575760,1
17963760,-1
22998716,0
21457973,-1
17015192,1
11978282,-1
24382580,0
17240225,-1
14499168,0
12406527,0
17716826,0
12900807,-1
11828279,0
15642550,0
10973645,-1
24456703,0
19150064,0
15065610,0
11080319,0
12482566,1
15661475,0
21071074,0
22342076,1
18993042,0
9646878,0
16579997,-1
19720342,-1
19299087,-1
17658695,0
20064514,0
18644681,0
9230143,0
19457471,0
16271911,0
9593384,0
12393308,0
14759439,0
23916584,1
15179638,0
16150263,-1
10807830,0
18222450,0
10342414,0
22502772,0
10773501,-1
25304851,0
24121064,0
22627104,0
15001941,0
17764879,-1
23567482,-1
12654431,0
22464088,0
9857997,0
11423056,-1
11216739,1
17499084,-1
17693107,1
19767089,-1
15902172,-1
22507365,0
16751063,0
19138505,1
20417857,0
16055276,0
11720854,1
17324657,0
9932566,0
22209190,0
15935245,0
25147092,0
22898123,1
15922988,0
17398307,0
10899490,0
10737581,-1
14711717,0
18823912,0
12032520,1
15264186,0
24818542,0
21530722,0
11830307,0
17574730,1
8855856,0
19420193,0
17614270,0
20298928,0
9584539,0
12559281,0
16780997,0
19879713,-1
23318127,0
11696709,0
15707766,0
12838194,-1
16087029,0
12443950,0
18647656,0
11320383,0
8969721,-1
16102553,0
15188109,0
15063521,0
16650421,-1
18930189,0
16513301,0
19501755,1
9683311,0
19959339,0
15860240,0
16125941,1
14970960,0
11164694,0
14622687,0
11391343,1
20018286,0
7750316,0
12477585,-1
15247732,0
16574123,-1
15883575,0
15220879,0
19007597,0
16517193,0
10615236,0
10549446,0
15999036,0
15949594,0
9415535,0
14992912,-1
17706718,0
18653184,0
17240224,0
10571341,0
11713438,0
18502301,0
11730758,-1
21131037,1
14757271,0
10378561,-1
18339525,1
9540946,-1
9252001,0
10478769,0
15994064,0
10735462,1
23815885,1
9552083,0
10406361,0
11879929,0
14972468,0
2243411,0
10459958,0
17509486,0
22459341,-1
11044536,0
10588577,1
12477522,-1
10717776,0
16530147,0
15288215,-1
19467365,0
18160245,0
11747873,0
21257114,0
10969225,0
9008256,0
12110838,-1
16368344,-1
11154484,-1
15010154,-1
10735695,0
10360912,-1
15172263,-1
17613399,0
15372386,1
21295938,-1
12576261,0
14551000,-1
20696421,0
17227688,0
17768009,0
23528626,-1
11377600,0
16129547,-1
18848434,0
22921332,0
15904750,-1
16356437,0
10917987,0
19162114,1
17412530,-1
16029946,1
14636795,0
10546710,-1
11182214,-1
15970816,0
23348146,0
16164891,0
19004600,0
20580423,0
15573049,1
16182911,0
14967388,0
15740824,0
20888274,1
21807250,0
10930365,0
10630854,0
17027730,0
11562625,0
12237625,0
12742332,-1
15177859,0
9550207,-1
24429154,0
10686268,0
19286192,0
10517036,0
18411010,-1
9500757,0
11081528,0
15121405,0
18513662,0
9093249,0
14681639,0
22796236,0
17509423,0
9580774,0
16495011,0
20813583,0
18519154,0
11918762,-1
15672001,0
12543279,0
14969664,0
21296338,0
10881824,0
16326371,-1
15210258,0
18667174,1
9801935,0
19213976,0
9469276,-1
11095258,0
23274145,0
17949799,0
16935685,0
14644225,0
16675212,0
9113010,0
14769712,0
21338741,1
11054200,0
19380124,-1
23916488,0
11932085,0
12452546,0
12127203,0
12374248,0
15157792,0
12457784,1
10725619,0
9527193,0
19683590,1
10521098,1
17433313,0
15864233,0
15001324,0
16564934,-1
17030096,0
14750100,0
15023378,-1
14666025,0
19595367,0
11093490,0
9250639,-1
10890292,0
17720383,-1
9413463,1
12148111,0
10570388,0
17223112,0
10408485,0
16876132,1
17854870,1
12204321,0
14770380,1
20605648,1
12899896,0
11430936,0
11020621,0
17234504,0
11849797,0
17466699,-1
11476777,0
16698138,1
8625677,0
19028434,0
10088980,0
10459959,0
11779668,0
11097613,0
15262244,0
21291776,0
20478580,0
11408134,0
25002195,1
17631866,0
11583720,0
9787684,0
2295234,0
19119703,-1
16213136,0
20335020,1
15165530,0
17196358,0
14751370,-1
18395345,0
18291177,0
16725396,0
19850470,1
10776742,0
17428479,-1
24653515,0
16289676,0
10404843,0
16182898,-1
24794720,0
17317371,0
18206525,0
23768792,-1
19786274,0
10858404,-1
15812454,0
17869448,0
18400462,1
14969673,0
11075770,1
9793284,0
9568665,0
11240090,0
21658561,-1
9627610,0
9078198,0
11864664,0
15837441,-1
22000914,-1
18662592,0
26494415,0
11818109,-1
16221243,-1
24559600,-1
23122669,-1
23078958,0
17409843,0
17030438,0
20018567,-1
11706726,1
17113759,1
20682187,0
25086490,-1
15694088,-1
20115975,0
19083426,0
17296230,0
12767565,0
11704447,0
17275282,-1
23218851,0
12722031,0
9266880,0
17071161,0
22189065,0
10800812,0
23238118,-1
19200622,1
10775736,0
22728647,1
15471656,0
18435918,1
9322631,0
17822662,0
8857627,0
15596181,0
10708818,0
10793318,0
24112746,0
9106575,0
16297576,0
9853278,0
10716478,0
19019663,-1
10227343,0
8813983,1
15302717,0
11720695,0
22056165,0
19889408,0
10895994,1
12589843,0
19958918,-1
21777974,-1
12595838,0
15251160,1
16084881,0
16185958,0
11089822,0
11382368,-1
23791930,0
11898004,0
8339624,0
12691686,0
18054444,1
17707594,-1
12052587,0
16904415,0
8757206,0
15616486,0
22088576,0
11089824,-1
15808142,0
9794352,0
10943230,0
21945081,0
23458447,0
14746858,1
15664721,0
18305467,0
18371487,0
16271643,0
9369828,-1
9935128,0
18206361,0
9377957,1
11682037,0
14607575,1
17953950,-1
17954367,0
9546505,0
21777835,0
18955102,0
21481871,-1
15698940,1
14718901,1
12842372,-1
12110034,0
19328636,0
12477611,1
11343739,-1
16300823,0
19523672,0
12220761,0
16934640,-1
16326367,0
16387219,-1
17263835,-1
10533454,0
11576573,-1
17276548,0
7691481,1
22391336,0
21109054,-1
21272713,-1
12039111,0
22591959,-1
19427269,0
10871468,0
16829333,0
17490753,-1
19185140,-1
12706638,0
11125386,0
16962480,0
9683314,0
17980416,0
9576406,0
15130569,-1
15523350,0
11743267,0
19345766,0
10406359,0
15374718,-1
20034685,0
19012880,-1
15223094,0
15336770,1
19101420,0
18727948,0
16859864,0
17448631,0
21911313,0
21145282,0
21195256,0
25499587,0
10768528,-1
16236891,0
21354671,0
12726789,1
19268929,-1
9844152,0
15077078,-1
21238572,0
12606177,-1
17324738,0
15993304,0
8306744,1
11115443,-1
7874943,1
17980550,0
11239311,1
12898489,0
15894479,1
18155755,1
12105829,1
17356094,-1
14720615,0
12946763,0
11468604,0
12406477,1
15893183,0
21741678,0
14556770,0
15188105,0
18436195,0
15629605,0
19393415,-1
22858430,0
15389189,0
23415123,0
7492036,0
11685160,0
10921701,0
12657339,0
9820296,1
17936036,-1
21134503,-1
18468672,0
17071297,-1
18586273,0
23759267,-1
22542366,-1
16621194,0
17138192,0
16185755,0
17942268,0
15927388,0
17236918,0
19500854,0
11425671,0
12410197,0
16203030,0
15878544,-1
9389290,1
18621393,0
15530676,-1
11483273,0
15722066,0
19268926,0
17291993,0
18353314,0
19022547,0
12505103,0
10437863,0
21266301,0
11704081,0
20117594,0
24355669,0
21186062,0
18201641,-1
25453517,-1
11728891,0
21129744,-1
15234398,0
20303119,0
14654262,0
12747879,0
17126335,0
14603216,-1
15640985,1
12738159,-1
16996597,0
19329003,0
21636189,0
10840426,-1
12740264,-1
16297779,0
10340796,0
15879805,-1
11021706,0
17822765,-1
16183220,0
19041042,0
22575396,-1
11197445,-1
14529880,0
16603147,-1
16257791,0
10549449,-1
11692097,0
20347544,-1
17229548,0
12672309,0
11825813,-1
19523613,0
12360162,0
21074020,0
22100906,1
18827611,0
16140397,-1
18771876,1
9649979,0
24361248,0
10568855,-1
12208593,1
1984988,0
9164315,0
17574801,0
14711556,0
12105827,0
12361895,1
18804207,-1
9270520,0
17126719,0
19245970,0
22971323,0
11138438,0
17052823,0
17257724,0
21367594,0
17823012,0
17174015,0
19231198,0
10365928,0
20950844,0
19269254,0
19268410,-1
12031749,0
14993858,0
18617121,0
18242858,0
15278044,0
23810265,-1
17166799,0
11120507,0
10453854,0
14623508,1
8981304,0
14643034,-1
18555911,0
14639566,0
18586189,-1
24060708,0
12606175,0
18814887,-1
17070196,-1
10213294,0
23651816,0
12475576,-1
12880608,1
10779656,0
12579104,0
3735570,0
20557927,0
15993860,0
21749850,0
23265346,-1
15325604,-1
19282246,0
17628352,0
15950631,-1
20920802,0
20816187,0
9794674,-1
14973801,0
14717945,-1
15705376,-1
19409544,0
12128237,0
12636954,0
10543581,0
19433206,1
14597516,0
16815137,0
11054193,-1
1995211,1
12744860,-1
16701989,-1
12187222,0
14670399,0
10960626,-1
17161267,0
17996211,0
17142138,0
14564327,0
11799368,0
17825655,1
20117965,0
15620828,0
22921821,0
24315273,0
16271314,0
18258368,0
10084465,0
11704449,-1
17925428,0
11677003,0
15589853,0
12117482,1
22030046,0
9596311,0
15120931,0
10943754,0
12830461,0
20399899,0
10028980,0
3172378,-1
12706704,0
22245668,1
16413347,0
12078788,0
12689804,0
12383815,0
18068522,0
24161420,0
11567703,0
20965712,1
8751522,0
17403437,-1
21145284,0
9718247,-1
12379291,1
20541832,1
12855342,0
12757987,0
23187069,0
22364685,0
12738151,0
15993359,0
21342747,0
9579760,0
9697784,0
9783947,0
16996783,-1
18164304,0
12842060,-1
20113825,0
15866255,0
21813328,0
10624541,0
11153975,1
15302293,-1
20951260,0
15261700,0
9683309,0
11927130,0
10753248,0
18848670,0
11052579,0
12175715,0
18086516,-1
15946834,0
23177921,0
18462730,-1
12821221,0
16243127,0
15313090,0
20452184,0
12781936,0
17426207,0
8769511,0
11704028,0
15467529,0
15546651,0
16104989,0
12270445,0
11113085,-1
17166985,0
12208708,-1
21036024,0
11728657,0
22710563,0
11719116,0
10466664,0
18656872,0
9803051,0
11868007,-1
16202894,-1
16364832,0
18436085,0
18565440,0
16630937,0
17587516,0
15256198,1
22541245,0
10750752,0
18513526,-1
12066096,-1
20435307,0
15599837,0
20654754,-1
19674713,-1
11080606,0
12370877,0
25529901,1
11579351,0
11750958,1
21167340,0
18562265,1
3780329,0
16782204,0
19815286,-1
24188873,0
16580574,-1
18951618,0
11986104,-1
23218844,0
16027693,-1
15650664,0
7608801,0
19298950,0
18371963,0
23272986,0
19195842,0
9793814,-1
11927223,0
9846713,-1
11239307,0
18977585,1
20673621,0
19346013,-1
14749635,-1
21193187,-1
9768925,0
12763375,0
10924977,0
10978851,0
16216315,0
9469269,0
15491554,-1
15109523,-1
16950182,0
22018126,-1
12577049,0
15158627,0
10470696,0
12727395,-1
22735041,0
12176523,0
9322642,-1
17321581,0
17241860,0
22560101,-1
20729010,0
17088142,0
18436331,1
19061736,0
11472705,0
15800520,1
15567552,0
20430604,-1
15168379,1
13678698,0
11682036,-1
14975544,1
21762789,0
22386472,0
20591399,0
21920189,0
23490224,0
16236942,0
19477398,0
11744900,-1
11891037,0
17161769,0
10586152,0
17112693,-1
23948426,0
15820796,-1
23131372,0
19181486,1
17174113,-1
2245667,0
15921686,0
16106334,0
14973803,-1
10680108,0
16872900,1
16442368,0
17993364,0
19254586,-1
16434256,0
12648884,-1
16162706,1
8826808,-1
15111142,0
11359221,0
18455221,0
17174102,0
17638595,0
16949180,0
17035945,0
15234485,0
21092774,0
16931217,0
23312829,0
15177863,1
15992986,-1
10213296,0
16762371,0
18342453,0
16530575,0
19442776,0
18762098,-1
21411235,1
17764785,0
19835832,0
11483912,0
25604154,0
15467526,0
19892055,1
17398320,-1
20627524,1
11996875,0
12676389,-1
15083439,0
21193289,0
12154422,0
21851836,1
18001721,-1
14699550,0
11814497,-1
12413614,-1
21232979,-1
18299182,0
12160919,1
16923426,0
18242535,-1
24128996,0
15925045,-1
20051288,-1
10918098,-1
21835552,0
23787155,0
14586349,0
17498584,0
20869187,-1
18230389,-1
19217592,-1
8937280,0
17110006,0
18294998,0
21993153,1
16139778,-1
17448578,1
15350711,0
9237054,0
12007591,0
11097697,0
12748463,0
12742557,0
26149841,0
12776266,-1
14607578,0
16039210,0
18395716,0
11777506,0
19616802,0
17604143,0
9794350,0
10625850,-1
17338998,-1
16253414,0
9428901,1
18289829,-1
7606951,0
15893104,1
17869557,-1
22227168,0
25682480,0
16630771,0
15893085,0
17905167,0
16920590,1
18995174,0
7699549,-1
8325065,0
10969256,0
14575968,0
17070175,0
17869051,-1
15138424,0
11880016,0
9366821,0
17368247,0
20822942,-1
10963245,1
16567174,0
9669245,0
9397101,-1
11331056,1
16257151,0
9519950,0
15774341,1
18342858,-1
9024371,-1
17376722,1
22789149,0
21871782,0
21269646,0
12072853,0
11750964,0
15837357,-1
16979870,0
17204318,0
10361533,0
12591319,0
14746950,0
22683294,0
11211889,0
16077392,0
19135905,0
15541857,1
17140647,0
21262413,0
19811776,0
17681325,0
20650358,0
12407614,0
10785225,0
21193287,0
12389002,-1
17524796,1
3297521,0
8987919,-1
19162371,-1
24011548,0
24996984,0
19249015,0
10615231,0
17145253,0
16092581,0
24129264,0
25450242,0
21550374,0
15450636,0
15105064,0
18538401,-1
12712108,-1
11583721,0
18929731,0
16963658,0
10636519,0
9809945,0
12063454,0
17399968,1
16343973,1
18082856,0
22938728,0
11430967,0
17234566,0
14581111,0
15034503,0
22763212,0
15196861,1
21889262,0
11025238,-1
16376417,0
16236850,0
24210533,-1
12407608,0
15726029,0
18554819,0
9423503,-1
17010554,0
16713457,0
22365481,0
19573904,0
18047869,-1
9742976,-1
8709686,1
21669426,0
15947624,0
17507264,0
19692044,0
10625238,0
10370187,0
12270333,0
16458628,-1
17236889,0
19665366,-1
11530275,0
14580749,-1
9843104,0
15952100,0
24280575,-1
11955536,0
16427852,0
8694079,-1
22424012,0
21481414,0
23098865,0
16285995,1
21131223,0
10717501,0
14973794,0
9174558,0
15581523,0
24794721,0
17071040,1
20643454,0
22296864,-1
12865039,0
15105065,-1
18374301,0
16321485,0
18255098,0
11074227,0
18930603,0
17951021,-1
17098084,0
22078191,0
8895239,1
21722894,-1
11377645,0
18191847,0
9846707,0
14598248,0
17889314,0
14575938,0
25127178,1
18706417,0
17085137,0
11427330,0
16945487,0
18237696,-1
9077617,-1
17904980,0
16564942,0
21220060,0
11036893,1
20171677,0
24388737,0
10669688,0
21515017,0
18789766,0
9240590,0
10485539,0
16442901,0
7539874,0
13129878,0
16140593,0
18778967,0
19356743,0
20833591,-1
25877265,1
12772108,0
12573372,0
12658206,0
11812553,-1
19380203,0
18158199,-1
24518532,0
20034729,0
7750335,0
12826169,1
15118975,0
12383667,0
23688830,1
16291282,1
17344015,-1
18037603,0
12742329,0
9631781,0
23518215,0
18504090,-1
18258342,0
12628531,-1
10731531,0
17616473,0
14571236,0
15919161,0
9074572,0
10801172,1
15465619,-1
19324137,-1
24280465,0
15218558,0
10096374,0
17509485,0
16781381,0
20650346,0
18672110,0
8857633,0
10799721,0
17036556,0
18986748,1
10332461,0
12517462,0
24973546,0
10440143,0
22902212,0
19217991,0
17074563,0
15729231,-1
15172774,1
24491267,0
18789533,0
23395398,0
9297994,0
10526804,-1
19775782,0
12592236,0
15706558,0
22814041,0
20102746,0
8857632,0
22000326,0
15288411,0
17659823,0
15722000,0
15363656,0
10659898,0
12963199,0
9506636,0
10459961,0
18424099,1
16285948,0
15951101,0
18234567,0
16567150,0
18940296,-1
8636828,0
21843690,0
20822770,1
21718999,0
19297102,0
9377917,0
16522426,0
15733631,-1
10208191,0
26793445,0
11530030,0
21324590,-1
11240079,0
11805748,-1
12830063,0
15016485,0
12796167,-1
9768932,0
17727860,0
11824857,0
19356610,1
19084098,0
17346628,0
21338973,0
11750538,0
10376613,0
12727080,0
16165206,1
11502641,0
16919803,0
11688002,0
9838320,-1
19141327,0
14960293,0
12548189,0
23906999,0
17316832,-1
21195962,0
22019525,1
23218853,0
12399790,1
17689627,-1
11882400,0
15721731,0
16002181,0
9274891,0
9821420,0
11313095,0
12657387,0
15275751,0
18703241,0
16202727,0
15083437,0
21371717,0
16154196,0
24011102,0
20538369,-1
12431623,0
17008098,1
18538773,-1
15193678,0
12583865,0
11502639,0
15215813,0
15705367,0
15135263,0
15295345,0
16701078,0
11779600,-1
17067720,0
24269926,-1
9915276,0
16835006,-1
16616748,-1
9469999,0
15474813,0
20580422,0
16368146,0
12040357,0
16202565,0
22898118,0
10877363,0
16297507,0
18060943,0
12706322,-1
20115970,0
14520226,-1
17275141,0
15617949,0
9848316,0
21333984,0
7966789,0
11171710,0
16458644,-1
17631314,0
9018183,-1
11604980,0
19026519,0
16242361,0
18620853,1
14970962,-1
15168386,0
16014059,0
9649975,0
24041732,0
15224025,0
17914351,0
12791434,0
18489927,-1
11997197,0
19361802,-1
18589451,0
16798391,0
18538701,0
16860459,0
22281244,0
18280668,0
19236972,-1
10899481,0
17165637,0
12781165,0
16920249,-1
12431658,0
19056034,0
15019120,0
19410064,-1
11567700,0
19058981,-1
20363089,0
8040780,-1
20189226,0
20863761,0
25456166,-1
10198656,0
10992178,0
11918754,0
18760888,0
16293363,-1
19535182,0
23562005,0
16389004,0
24021804,0
12052597,-1
15362028,0
16919747,0
22840278,0
22154769,0
22440275,0
15450753,1
18374881,1
19698939,0
14739037,0
11532112,0
19254623,0
12505222,0
14528573,1
12501067,-1
10674597,0
10734271,0
18367379,0
19167925,0
14636848,1
22521199,0
17162041,-1
19595803,-1
16522418,0
20416952,0
21398178,0
3948545,1
16698412,-1
16875644,0
19345831,1
10691066,0
16698176,0
15821528,0
18973936,0
18672400,0
10917292,-1
12873686,0
17418554,-1
18675402,0
16051242,0
10524887,0
19014944,0
23769289,0
24607797,0
9741509,0
16084254,0
19389420,0
23140612,0
19553018,0
10969252,0
15913920,0
9803047,0
12461499,0
22921855,-1
11606503,0
10950232,0
21665462,1
12105840,0
19146903,1
15763453,1
11064229,0
20478333,0
8636834,0
9215169,0
18598837,0
12505568,0
11380220,0
15067632,0
23523255,0
16126052,0
16962532,-1
14698800,0
16697153,0
17145251,0
20538494,0
8449054,0
15464767,-1
19501292,0
11580908,1
9843011,0
17224356,-1
16399189,0
18602045,-1
8131435,0
10385778,0
15013613,0
12798881,0
12679215,0
15993231,-1
22520118,0
21851876,0
22507748,0
21215558,0
18468736,-1
11821087,-1
15142699,-1
16765100,-1
10800794,0
10075382,0
14643168,0
19679216,1
22101215,0
16542657,-1
9078197,0
11348939,0
21035980,0
12074773,0
12824971,-1
12388024,0
18485485,0
10989245,0
11589975,0
9509948,-1
17822748,0
11174790,0
11535206,0
15036784,0
22383665,0
11854874,0
10907384,0
16159592,-1
10365879,0
22018124,0
16522386,0
12847482,0
17586452,0
19501965,-1
19632053,0
17669613,1
20074933,1
18620949,0
19833276,-1
15111848,-1
8230574,0
9258137,0
21062666,0
15838439,0
9074573,0
15343191,0
11152857,-1
18727929,0
11815760,-1
15207952,1
9085304,1
15384026,0
15111077,0
20573448,-1
11840368,0
18222357,0
12847475,0
21843494,0
12243918,0
18793768,0
23594786,0
16337461,0
25442690,0
12499033,0
11476766,0
18804331,0
22659273,0
20399780,0
23059756,0
15820455,-1
19969159,0
12176463,1
15165653,0
16798042,-1
21147691,0
20207458,0
23706949,-1
11470223,1
10800818,0
18768245,1
9397098,-1
9757895,0
14575942,0
16546214,0
9806378,0
10974381,0
9433426,0
16647414,0
16487583,1
19619896,0
20451040,0
17084927,0
11937116,0
11035671,0
16595218,-1
8583618,0
11112891,0
16307962,0
18358926,0
16828435,0
7658286,0
12714124,0
15652889,0
16023298,0
12798791,0
22008819,0
11803071,1
18929013,0
10509496,0
12891533,0
15334379,0
12468166,-1
12501064,0
11054514,0
19896041,-1
21300255,0
8694034,0
20060229,0
15619496,0
23795985,0
11120421,0
15939311,0
15078749,0
16934269,0
15501375,0
17512087,0
18617099,0
14996420,0
12479993,0
11532487,-1
12657338,0
14622610,0
17703885,0
18358689,0
16730488,-1
17437826,0
16839698,0
15158629,1
12235596,0
14512180,0
10465325,0
12354473,0
11849419,-1
15653210,0
14509891,1
12584541,0
12853536,0
12738504,0
11858916,0
16822626,0
16434174,0
19038705,0
10382078,0
12712026,1
16939737,0
19447425,-1
17904989,-1
18765182,-1
12954254,-1
19007927,0
11704367,0
10626618,0
11809253,0
11872276,0
23499726,-1
12472790,0
9723428,1
10391261,0
15283944,0
21458058,-1
15112179,0
22236802,0
12009350,0
17920887,0
15919435,0
11543749,-1
22554491,1
16171903,1
12568841,-1
16137822,1
19084453,0
24314586,0
10435261,0
17331805,-1
16876666,1
14592306,0
11818106,-1
18395473,1
12100802,-1
11869921,0
12612979,0
22325963,-1
10615885,1
8694040,0
20413058,0
24439440,0
25159236,0
11163780,0
16762570,-1
21168112,-1
16920077,1
18554712,0
9701860,0
17445815,1
10362169,0
12798539,-1
18602634,-1
18835693,-1
20092882,0
15017494,-1
12034516,1
12393314,0
17145204,0
9527194,0
21831722,0
9052343,0
9415509,1
10640121,1
19635302,0
15451329,1
12576241,0
16615971,0
10208190,0
18234203,0
20362507,0
9063425,0
17900818,1
8620707,0
12504395,0
11438321,0
20430702,0
23022750,0
9259053,0
18486203,-1
16275598,0
21664653,0
19563951,0
21962292,0
12970637,0
15922233,-1
9451062,0
20189458,0
10440141,0
22704854,0
20850004,-1
19215848,0
15879806,0
20883846,0
18055007,0
15194029,0
16476431,1
15826716,-1
9933064,0
15964332,0
23168228,0
11973116,-1
12861130,0
17512799,0
18082217,0
15467559,-1
20227056,0
11897207,0
11275030,-1
19765502,0
17011074,0
20869890,0
17903919,-1
19766062,-1
18675294,0
24518763,-1
16125588,0
20713274,0
15037402,0
11235707,0
15063421,0
16517328,-1
8365297,0
15867860,0
12216046,0
17931620,0
11182431,0
16297506,-1
14505898,0
15057741,0
15183621,0
10684957,0
10955375,0
19501222,-1
15240088,-1
11830308,-1
19818694,-1
15006588,-1
19362361,0
16616232,0
21291693,0
12681862,-1
15288412,0
9581724,0
12699795,-1
12548273,-1
16875796,0
22995877,0
18031745,0
24229843,1
12103284,0
9369820,-1
11906779,0
10356137,0
14967419,0
15940125,-1
9451066,0
15896289,0
15827910,-1
19121589,1
16084677,-1
8722434,0
10037386,0
21570659,0
10750765,0
22836071,0
19631312,1
25863562,0
11641676,-1
10096378,0
11853793,0
11120515,0
17049347,-1
17993363,0
11451173,0
17512550,0
20546699,-1
8486025,0
17509808,0
22133450,0
11641670,0
24725797,0
12270567,1
16325899,1
19573672,0
12861170,0
19577277,0
20580811,0
21831558,0
20350694,0
16635791,0
9627589,0
11395840,0
24814607,0
19428083,0
16188370,0
17046466,0
15821223,0
7844685,0
18156033,0
25064627,0
2108855,0
20113961,-1
9646297,0
18635341,1
12594972,0
21291725,0
16996596,0
15539258,-1
16490478,0
17324628,0
17157101,0
11583728,0
12488062,0
12836149,0
17166990,-1
19560257,1
17980952,0
10578460,0
12065339,0
12431639,1
18544464,0
16401450,1
18823656,0
17218187,0
9722121,0
8806290,1
14991552,0
9776150,-1
12486428,0
12066084,0
20359643,0
22062358,0
9485239,0
19261295,-1
10231050,0
12753879,0
8765259,0
16931218,0
17306625,1
23756263,1
19854119,-1
16650580,0
17200680,0
10670398,1
18035140,0
19298993,1
14760328,1
9728984,0
10435146,0
12270325,0
17350216,0
11243949,-1
23968744,0
22809664,0
16183466,0
12110425,0
16942958,0
16814225,0
21056804,0
10782908,0
9917782,0
21070781,-1
16857494,0
23187047,0
17686479,-1
9716055,0
15350853,0
15451133,0
17923208,1
21334654,-1
24679582,0
10532692,0
21742306,0
10376617,1
15617697,-1
10620211,0
10717778,1
11377642,-1
17919634,0
19801069,0
17618955,0
11257245,-1
11897984,0
22494956,0
12074820,0
12660058,0
15279915,-1
18585831,-1
12409170,0
12575967,0
11932115,-1
9048788,0
11337713,0
18585908,0
22694906,0
11182175,0
15790438,0
21959100,0
18378354,-1
8433424,0
18804362,-1
14746947,0
18653310,0
24275208,-1
10840425,-1
16930857,0
19168253,0
11075743,0
15733716,0
16043004,0
11500195,0
16139962,0
15970833,0
18237823,0
18272271,-1
11973012,-1
12517648,-1
12472796,0
12962946,-1
18851852,0
9798584,0
18328683,0
17074301,0
23810644,0
11525858,-1
16085437,0
18325458,-1
25455873,0
15173796,-1
19700248,0
24083884,0
17290726,0
12504039,0
15614241,0
22971458,1
10699690,0
17478338,0
9820297,0
12628899,0
16492394,0
20850852,0
1889273,0
15676315,1
11267283,1
18957269,0
11487536,0
14600693,0
15935266,1
16023513,0
20599292,-1
12742333,-1
9369817,-1
12706276,-1
21531174,-1
9764616,-1
12377323,0
12200809,0
15337407,1
16102611,-1
17570206,0
9386685,-1
9217619,-1
11320369,0
15262194,1
12657406,0
15650978,-1
12171818,0
15491755,0
12127464,0
8874241,0
16307824,0
19070639,1
23891459,0
6822143,0
18514910,1
12100834,0
14643036,0
12091045,-1
16256917,0
14759623,-1
12176505,0
11214126,-1
16376207,0
9836012,0
14967390,0
19167189,1
10470708,0
24331115,0
16472565,-1
12098632,0
17296646,0
9042119,0
23438709,0
15764767,0
9209205,0
11775134,0
15734231,0
10862852,-1
17543376,0
11403983,1
17138196,-1
7490809,0
8783991,0
21184876,0
11564386,0
21843686,0
12091845,-1
19059639,-1
11430966,-1
12204314,1
10326847,0
15343531,0
16621446,0
16022847,0
11339914,1
16530990,1
10320260,0
16356430,0
16257098,0
22749223,0
16310552,0
15195050,0
16129365,0
15010185,0
7774317,0
15019322,-1
10515673,1
11893345,0
19010447,0
11078836,0
15325681,0
12917847,0
17655918,1
23228505,0
21496800,-1
15733983,0
18511355,0
23453283,0
23870813,0
23872048,0
9216352,0
17156852,0
7574132,0
17981455,-1
24648574,0
16009293,0
17178185,-1
10800798,-1
11483335,0
18501900,0
17126628,0
16490430,1
9723425,0
17368065,0
21575972,0
6368141,0
9763070,0
15836978,0
17339106,-1
11713157,0
18640074,0
12582352,0
10890303,0
10807441,0
10863252,0
22698292,0
21621394,-1
19577008,-1
12684151,-1
16182897,-1
23283923,0
24559813,-1
10195718,0
12127707,0
12167507,0
24182579,0
16202723,0
15295372,0
8678158,-1
9988834,0
21684606,0
9066400,0
12106618,0
15019339,0
9626025,0
12928123,0
15944633,0
15350708,0
10665784,1
10716102,0
16537867,0
23890374,0
10696629,0
11216738,0
17974490,0
11487742,0
11391273,1
11868008,0
17482925,-1
16781372,0
15694083,0
25936237,0
16275189,0
14499422,0
11948033,0
12237186,0
21193343,0
19559476,0
18515185,0
18694678,0
11281233,0
15544879,0
16330203,0
16624687,1
15064026,0
23107669,0
20576732,0
16600222,0
12915284,1
18442509,0
17693101,-1
19699593,0
21029821,0
11678487,-1
12442242,0
12907008,0
19022441,0
11318966,0
10636525,0
15661415,-1
10487500,1
16782182,0
18926856,0
19249029,-1
12711266,0
11084187,0
15706548,0
17367658,0
7988251,0
23764516,0
10899492,0
15878495,0
11772479,0
12726869,-1
11083677,0
15288321,0
14769323,0
15936729,0
21849168,-1
14553957,0
15465080,0
18723251,0
11042297,0
7536263,0
19070889,0
23972263,0
11750377,0
16198768,0
15592291,0
8988115,0
8301432,0
18675750,0
17363335,0
10904122,0
22520132,0
11877611,1
21849264,1
23102885,0
18191684,0
23915885,-1
10594798,-1
12398962,0
20152611,0
16084867,1
17336652,0
11906798,0
16202734,0
17445831,0
21752575,0
11781276,0
11445103,-1
19854614,0
16920219,0
11113401,0
21324520,0
14664876,-1
20022836,1
19682490,0
12378193,0
17658393,0
15193831,1
15172083,1
18524684,0
22133703,0
23896011,-1
19297221,-1
19766640,0
8694046,-1
16782489,1
15734179,-1
23906815,1
10989902,-1
10323605,0
20510611,0
27027075,0
21982325,0
16182685,0
15694232,0
12971972,0
16814257,-1
22050864,0
21187254,0
12215329,0
16751033,0
10732888,-1
16209971,0
25001158,0
15983958,0
17553743,0
9679876,0
15766996,0
19501784,0
10431116,0
10701730,0
18226669,0
16442114,0
10689152,0
9791527,0
16716541,-1
2526721,0
15313094,0
12095662,0
10962411,-1
26460660,0
12216025,1
1516394,0
20005647,1
10652047,0
9794673,0
24210765,0
11494182,0
16527699,0
11040177,0
10225505,0
12881822,0
14608304,1
9802271,1
11700185,0
19409858,0
20538079,-1
23562339,0
23602345,0
16275243,0
12600797,0
22325115,0
14553956,0
17931895,0
16647139,0
19433176,1
21094553,0
23769603,0
20828877,0
9414055,1
16997421,-1
22465288,0
16426697,0
10962136,1
19853399,0
19243745,0
22285168,0
15943961,0
12851867,-1
11166751,-1
9433424,0
18471513,0
24161288,-1
14992872,0
18178063,-1
12878286,0
17945320,0
15544888,0
10802404,0
14759620,-1
16580059,0
11898005,0
18374890,0
20227579,0
23395546,0
9651905,-1
11343977,0
15749490,0
16168782,0
16202958,0
9220304,0
15208586,0
15070225,0
14998732,0
15157791,0
9554247,0
17303443,-1
16697255,1
22169050,0
9874434,0
17805238,0
12073204,-1
16162696,0
15284736,-1
12631097,0
12838195,-1
17904629,-1
12015496,-1
16643843,0
17825472,0
12591589,1
12239690,-1
11165579,0
9607375,0
12209102,0
18433678,0
19012954,0
14556131,-1
10546840,0
21215445,0
24942631,0
20801436,-1
11689274,0
15871851,0
17196159,0
19793585,-1
12811710,0
16545330,0
15866560,-1
2104792,1
10622338,0
18555812,0
9652613,0
11943525,-1
9635947,0
8895233,0
17933588,0
11137070,0
24685276,0
11004326,0
9773261,0
9457093,0
11904609,-1
9667348,0
18395723,0
24290112,-1
9865296,0
6641302,0
16216739,0
15042010,0
16229991,1
12073199,0
16945637,0
7636641,0
11172832,-1
11672550,0
12505248,-1
19185772,0
16413605,0
18771766,0
16904524,0
16963174,0
11080324,0
10221413,-1
10698242,0
18652967,0
9627593,0
12782431,0
15459594,0
18835404,0
18926826,0
12833014,-1
18178011,0
2184994,0
17524571,0
15939317,0
20889234,1
14607306,0
18829128,1
20171653,0
12684301,0
9284774,0
16153744,1
18237866,0
9506654,-1
16182145,0
10563400,1
11216978,0
15733880,0
18374024,0
16769016,0
15321453,-1
17983881,0
10086546,-1
12686232,0
16945766,0
21872857,0
21890323,-1
15262189,0
21529970,0
17588545,0
21473965,-1
20727713,0
15451221,-1
20619405,0
20620037,0
10987630,0
19296980,0
16831672,-1
15570274,0
16762775,0
19108951,0
12649049,0
20472362,1
16389009,1
12849654,0
15099656,0
10701731,0
16361020,0
20115947,0
24268858,0
9951493,0
16427545,0
17848323,0
7510599,1
21741804,0
11742269,-1
11731184,0
17169543,0
11560298,0
15555666,0
21315787,0
11239640,0
8633669,0
15256239,1
17250972,0
9639218,0
16621113,0
21092958,-1
10767227,0
18164264,0
12047962,0
12532114,-1
21034744,0
16168327,-1
22206748,-1
15510361,0
19699832,-1
16236917,1
19393409,-1
15042543,0
16053954,-1
18083322,0
19896252,0
11781912,0
17709062,0
20950914,0
18455944,1
21276671,-1
18411017,0
15854633,-1
18585835,0
9014909,1
16750294,-1
15165613,0
23254227,0
25452017,0
15464768,0
22227086,-1
16243498,1
17854995,-1
12126682,1
15520997,-1
10604693,0
21784661,0
20430451,0
22951158,0
23768410,0
19515413,0
16085366,0
10388248,0
10964827,0
13678871,0
15082123,1
20236716,0
12420256,0
11677200,0
24769270,0
9014908,0
9602198,0
21497001,0
14749658,-1
10898425,0
16102766,-1
18835434,0
12406532,1
15345790,0
12431868,1
16140092,0
12443589,0
17601464,-1
8523192,0
10936472,0
11145772,1
17449421,-1
20708570,0
20537314,0
21777715,0
12237643,-1
15140462,0
17933438,0
17961694,0
23391488,0
9848294,0
17303495,-1
16829069,1
20609546,-1
11578887,0
15363881,0
21565651,0
23735746,0
10509788,1
9702617,-1
15565083,-1
16890769,0
18937999,0
18061756,0
12198700,-1
18783797,0
15979009,0
17983871,0
19628319,0
19339135,-1
7531132,0
12121799,0
10775738,0
18215801,0
9846709,0
14981374,-1
17254697,0
15063963,0
16806095,0
19217691,0
9793807,-1
12738519,-1
17400486,1
18329853,0
22713626,0
19395071,0
17719934,0
19026531,0
11239727,0
16368345,0
7931881,0
16675091,1
10480474,0
16537862,-1
15882720,0
10378563,0
23021692,0
24176199,-1
15874923,0
16169580,1
19118733,0
21266302,0
10485722,0
11152840,0
18179785,0
9671087,1
17320568,-1
10561675,-1
17000242,-1
19539115,-1
23562361,0
15337535,-1
12559244,0
10348277,-1
8911385,0
19635277,1
11606959,0
17198906,0
17629442,0
21146930,-1
11750894,0
16427543,-1
11578785,0
22310655,-1
21239049,1
21855745,0
22154047,1
15695985,0
24685559,0
10064664,-1
12824997,0
16024244,0
15063241,0
11555501,-1
24176723,0
9699761,-1
10958880,0
17412579,0
18358724,-1
9264420,1
17825417,0
19782343,0
9866000,0
19846212,-1
11307132,0
2736988,0
9042137,1
11955470,1
8993241,0
15467597,-1
12095666,1
16443353,0
12584508,-1
2920584,0
21295919,0
9048790,0
11704167,-1
18599271,1
16338019,0
15973255,0
14500057,0
10190667,-1
21333272,0
11370723,0
11090730,-1
16545747,0
21074150,0
21783053,0
16571429,0
21300083,0
19108877,0
16150265,0
17555820,0
14670395,0
19081156,0
21703676,-1
15240203,0
9367461,0
15922697,0
23174369,0
11230889,0
17377504,-1
10818329,0
11426364,0
24380609,-1
15761435,0
19167144,0
16769056,0
11243947,0
15336577,-1
20864613,0
8969724,0
10700685,0
11384563,0
15288885,0
11165450,0
15988425,0
9260858,0
12079730,0
20171613,0
12297203,0
21871979,-1
20421049,1
21093697,1
16377062,0
17162192,-1
17629631,0
16887369,0
21536541,0
12429323,0
16531162,0
19560764,0
10793324,0
12388962,-1
19443078,0
12781926,0
19332211,0
24821196,0
19195513,0
14526301,-1
10519687,0
20022809,0
15947625,-1
18423747,0
9631964,0
9074574,0
15815568,0
16600232,-1
10228288,0
22520278,0
11865270,0
1541143,0
20639023,0
12634020,0
18154905,0
12062464,0
12707659,0
19683927,0
24139708,0
10190377,0
21050695,0
21996593,0
11562616,0
12488121,0
10228287,-1
21334682,0
25596756,1
22921386,0
25486494,0
9118709,0
16530506,0
17196493,-1
22383668,0
17628197,-1
10936141,-1
9709721,0
12913699,0
19969158,-1
16012942,0
16125805,0
20598844,1
12636950,0
21067912,0
26212603,0
16002025,0
17707447,0
11487753,-1
14511969,1
21982727,0
22632587,0
11125410,0
24559816,0
15220882,0
23806287,0
15212772,1
8759578,0
10933350,0
15275698,0
20018575,0
8942775,0
12592250,-1
10509497,-1
24965569,0
14526317,-1
16256897,0
19187819,0
7539854,0
21624649,-1
14709300,0
15253730,0
17678655,0
19615804,0
12031725,0
11880015,0
19231253,1
17382476,-1
16675148,0
18396107,0
17174460,0
11203523,0
10657821,0
17533024,0
15759218,-1
8642881,0
16616450,-1
17728707,0
19463994,0
11052430,-1
15530754,0
22204993,0
11717642,0
16796988,0
10492259,0
15772912,0
19801284,0
15275728,0
1984989,0
16406221,-1
22885010,-1
11025242,-1
17459741,1
18554591,0
17996436,0
22035998,0
17553747,1
23332511,0
23266205,-1
12824973,0
14734063,-1
16884957,0
10715982,0
12612903,0
15649728,1
16980157,0
20851460,0
15967450,-1
18191056,0
12477613,0
11449213,0
16458640,-1
15925049,-1
21247561,0
16608936,0
16039414,0
16517274,0
11082469,0
21237406,-1
21570870,-1
16343498,-1
15907417,0
11384805,-1
8151058,0
12383573,0
12796664,0
23541248,0
18280104,0
12475466,0
17353101,0
15194018,0
9313279,1
11282262,0
12850623,1
20709444,0
21511454,0
7776115,0
21982579,0
10972687,0
10475418,-1
11313302,0
15589860,-1
8549224,-1
11937123,0
15749447,1
11152924,0
18973893,-1
8993243,0
18036904,-1
10924737,1
10459902,0
23357349,-1
16963677,1
15749326,1
21256809,0
17586304,0
9291905,-1
18771988,0
7598110,0
16271721,0
18692428,-1
15297112,0
23122652,0
10664499,0
16595221,0
16084878,1
15297171,1
22898122,0
24239324,0
11135090,0
14759641,1
9237055,0
17321427,0
22108152,0
23356951,0
18031818,-1
23394837,0
15573333,-1
15629506,0
21782507,0
26613985,0
16297693,-1
17466492,0
15592281,0
16291062,1
18155934,-1
16314076,0
17276547,1
21292200,-1
14659474,0
18221925,0
15037401,-1
17321816,-1
11809427,0
18849193,-1
10372469,0
17014994,-1
18367182,-1
24231135,0
19008007,0
9228376,0
10463785,0
15066470,0
19138567,0
17188040,0
9818597,-1
22208450,-1
3519107,0
12204495,0
11511404,0
15149714,0
11515884,0
14751699,-1
16687201,-1
22769858,0
12814810,0
15555719,1
21683527,-1
19783323,0
16337459,0
16246660,0
24206740,1
16368471,0
19875032,0
15236851,1
9757881,0
17931979,0
9316528,0
8625660,0
15927394,0
20103448,-1
18707799,0
12468168,-1
11032464,1
20222892,0
25458712,0
16054520,0
11777511,0
12176589,0
19926098,0
19423098,0
11230838,0
11823086,0
15041104,1
15733717,0
16863773,-1
22494532,0
14971818,0
10584721,0
12838221,-1
14669194,0
18534554,-1
14698825,0
10419922,0
12243825,0
14767287,0
18439502,-1
19112032,1
19010741,0
12226017,0
23158522,0
14579210,-1
10791373,0
7497762,0
15451222,0
19233432,0
14556870,0
18728001,0
23375352,0
16382664,0
21420555,0
21982106,0
9528731,0
20004013,0
14551548,0
17362946,-1
10411700,0
10074976,0
19559427,0
16253541,0
11014720,0
21784603,0
17913408,0
18657938,0
20832550,0
17950801,0
11295408,1
10731544,-1
21982170,0
10576234,-1
12427142,0
10930676,0
15996602,1
11120525,-1
11084173,0
12796155,0
17321529,-1
9849452,1
12121731,1
15519628,0
22999730,0
15589870,0
23623156,0
12066083,-1
9725371,0
23063703,-1
18177867,0
17600650,0
12634667,-1
21255767,0
10906499,0
17101300,0
14605043,0
16651222,0
16840382,0
9660431,0
16572113,0
17321310,0
16102942,0
19232934,0
15868556,0
15246890,0
17145426,-1
17573489,0
9683204,0
24560760,0
17074548,0
23122650,0
20133012,0
11457553,1
11854873,0
17134849,0
18177774,0
9800740,0
16406909,-1
1729064,0
10511352,-1
16217371,1
15099879,0
15054349,0
21784442,0
12524069,0
15006983,1
18922525,-1
11148512,-1
12006958,0
15136370,1
14586357,-1
19647657,0
12811711,0
19181226,0
8957368,0
11376309,1
24881993,0
10202868,-1
21047620,0
23916797,-1
17640599,0
10768434,0
10921700,0
18508207,-1
10821361,0
12781927,0
17380117,0
18479744,0
20223367,0
17240089,-1
22047664,-1
21035869,0
16574546,-1
19464865,0
19464030,0
17074344,0
12324914,0
19647206,0
12504932,1
11451595,0
11839347,0
23375187,0
23500260,0
19717347,0
18155287,0
16632013,0
21982700,0
11248360,0
18774342,0
16427245,0
11240075,1
11384630,0
11399694,0
7710149,0
16959466,0
21798763,-1
11932655,-1
14526299,-1
21641354,-1
15911154,1
12689805,0
12464949,0
22520135,0
15752945,0
21131165,0
19097797,0
19879166,1
2193776,0
18280205,0
9554248,1
18156032,0
12413779,0
15836887,1
3881226,-1
9586609,0
19054529,0
23587630,-1
16084880,-1
19699531,0
19097942,0
11022928,0
19962701,0
10210394,0
21764087,0
16413644,0
17321311,0
12576370,0
16530377,0
12636960,0
14511967,0
12713996,1
21482191,0
11280341,0
10924966,0
16291160,0
19110245,0
19926271,1
18947861,0
9764615,-1
17869635,-1
22749961,-1
15450647,0
24457061,-1
12712025,-1
11248591,0
16094017,1
12142117,0
16095961,0
18353696,0
16979581,0
17350451,0
17056206,0
15064028,0
15746667,-1
21185685,0
15640980,0
18083404,0
10837880,0
11821091,1
11774098,0
15501201,0
11084569,0
22695310,0
12594971,0
10597050,0
20633367,-1
14659974,0
18456237,0
15721693,0
11978287,-1
20594588,0
11376923,1
16182039,-1
18963721,0
21696889,0
20888096,0
18926277,0
11703951,0
11134724,0
10962167,0
10806283,0
12834797,0
20416263,0
11728846,0
11022927,0
17720019,0
20920764,0
11498212,0
14608552,0
18177866,0
15374046,1
17383643,0
20846797,0
12052586,-1
11804772,-1
19027374,1
19653988,0
21457918,1
11943442,0
21868284,0
18434021,0
15557906,-1
15249449,1
9916961,0
7874944,1
24796766,-1
9764623,0
10519613,1
14751428,0
16039333,0
10791521,0
17532088,0
14531817,0
24140220,0
11839319,0
21978796,0
16139813,0
15936036,-1
12695764,0
14981605,0
20633377,0
17012004,1
15066366,0
21191410,1
22564554,0
12090970,0
17157557,1
15488218,0
11603446,0
10674226,0
18996525,0
18048059,0
11854640,-1
19782973,0
16569567,0
15001200,0
20457540,0
11018616,0
10770306,-1
16595206,0
12888186,0
12814710,0
11138442,1
15737849,-1
18657736,0
15764775,0
18395396,0
12591556,-1
11164322,0
15364187,1
16343809,0
18068905,0
22555112,0
10960628,0
15114302,0
22939709,0
12114358,0
17936283,0
9482293,0
19061746,0
20207412,0
16595209,0
21316088,0
10227103,0
16183188,0
12826434,0
11513787,0
9788455,-1
14586350,0
17113893,0
10831989,0
15082128,-1
17174082,0
15120713,-1
9514451,0
11988242,0
17466698,0
17692577,0
12648967,0
12748513,-1
14766111,1
16488376,0
18069016,0
10617012,0
12729882,0
22537843,-1
15215768,1
17350452,0
14666027,0
24745839,0
11247549,0
